first_name,last_name,gender,level,rollsheetComment,rollsheetMedical,additionalMedical,dob
Iggie,Chalkly,M,8,Optimized demand-driven data-warehouse,,,23/07/2011
Dunc,Burless,M,11,Upgradable logistical complexity,,,22/05/2010
Alexia,Clemensen,F,8,,,,28/10/2014
Robb,Storre,M,3,Enterprise-wide 6th generation capability,,,17/12/2010
Shaylah,Colgan,F,10,,,,13/08/2013
Lynnelle,McKie,F,16,Decentralized radical workforce,"Echinococcus multilocularis infection, unspecified","Echinococcus multilocularis infection, unspecified",10/02/2007
Bettye,MacCaffery,F,14,Multi-tiered neutral neural-net,,,24/05/2017
Bennie,Sellner,F,6,Reduced tertiary implementation,,,07/10/2013
Pierrette,Lovie,F,11,,"Superficial foreign body of unspecified hand, subs encntr","Superficial foreign body of unspecified hand, subsequent encounter",10/02/2021
Homerus,Eldred,M,17,Centralized national attitude,,,19/03/2018
Bradley,Pallas,M,12,Persevering zero defect website,,,23/11/2018
Robin,Vaughten,M,4,,,,07/06/2011
Kearney,Sutter,M,2,Customer-focused incremental synergy,,,25/01/2020
Josefa,Skipton,F,2,Cross-group secondary complexity,,,06/05/2012
Bradly,Michel,M,17,Multi-lateral foreground access,,,13/09/2020
Hyacinth,Woodroof,F,9,Distributed background project,,,13/04/2015
Allyson,Oles,F,8,Future-proofed attitude-oriented groupware,,,09/12/2005
Godwin,Bromwich,M,6,Function-based non-volatile orchestration,,,15/11/2018
Julienne,Osanne,F,7,Virtual zero defect attitude,"Unspecified dislocation of right radial head, init encntr","Unspecified dislocation of right radial head, initial encounter",19/06/2020
Pinchas,Matiebe,M,11,Seamless background architecture,,,25/10/2014
Annalise,Peagrim,F,17,Mandatory dynamic benchmark,,,16/11/2014
Myrlene,Mac Giany,F,6,Reduced bandwidth-monitored archive,"Unsp fx unsp forearm, subs for opn fx type 3A/B/C w nonunion","Unspecified fracture of unspecified forearm, subsequent encounter for open fracture type IIIA, IIIB, or IIIC with nonunion",30/08/2013
Saunder,Sydall,M,13,,,,01/11/2014
Marga,Carratt,F,13,Total tertiary ability,,,02/05/2018
Mavra,Meininger,F,5,,,,03/12/2005
Booth,Di Gregorio,M,4,,,,17/03/2012
Royce,Wyrall,M,14,,,,03/07/2009
Nicholas,Clulee,M,4,,,,20/06/2010
Allyson,Label,F,10,Multi-channelled contextually-based methodology,,,06/07/2006
Kennett,Gudgin,M,1,Organized interactive productivity,,,18/03/2018
Eba,Ganiclef,F,10,Operative content-based help-desk,,,24/08/2015
Aldo,Noriega,M,7,Synergistic intangible local area network,,,02/03/2019
Erica,Toombs,F,9,Expanded analyzing hierarchy,,,16/04/2012
Teriann,Limer,F,17,Customer-focused object-oriented array,,,08/12/2009
Kat,Albiston,F,6,,Other retinoschisis and retinal cysts,Other retinoschisis and retinal cysts,01/02/2017
Brandon,Sturzaker,M,12,Versatile discrete workforce,,,02/03/2021
Colleen,MacGarrity,F,5,,,,05/06/2014
Dalenna,Poveleye,F,6,Function-based optimizing parallelism,,,23/10/2011
Rudyard,Cummings,M,9,,"Nondisp transverse fx shaft of unsp tibia, 7thQ","Nondisplaced transverse fracture of shaft of unspecified tibia, subsequent encounter for open fracture type I or II with malunion",28/12/2017
Rogers,Fontes,M,14,Multi-channelled real-time local area network,,,04/11/2015
Cordy,Thew,F,4,,,,29/07/2013
Claybourne,Lovett,M,6,Ergonomic attitude-oriented migration,Corrosion of unspecified degree of unspecified thumb (nail),Corrosion of unspecified degree of unspecified thumb (nail),09/11/2006
Gavin,Surguine,M,1,Proactive optimal toolset,,,03/11/2006
Ferrel,Drife,M,14,Team-oriented discrete capacity,,,28/11/2018
Margalo,Gladtbach,F,6,Inverse executive analyzer,"Oth disorders of bone dev and growth, ulna and radius","Other disorders of bone development and growth, ulna and radius",11/09/2019
Karlen,Milne,F,12,Horizontal 6th generation hub,,,07/06/2009
Donnamarie,MacRorie,F,13,Cross-platform even-keeled internet solution,,,10/09/2009
Muriel,Acedo,F,15,Versatile bottom-line alliance,,,05/04/2008
Miner,Castiglioni,M,9,,,,01/02/2016
Paloma,Nance,F,14,,,,22/04/2019
Husain,Dorgon,M,6,Public-key regional knowledge base,,,15/03/2008
Lewiss,Merring,M,17,,,,16/10/2009
Hildegaard,Traut,F,13,Secured 5th generation success,Rheumatoid heart disease w rheumatoid arthritis of ank/ft,Rheumatoid heart disease with rheumatoid arthritis of ankle and foot,08/02/2013
Vevay,Davidge,F,1,,,,14/04/2016
Carlo,Gasnell,M,15,,,,15/02/2020
Tynan,Abbs,M,5,Right-sized system-worthy Graphic Interface,,,15/10/2016
Camille,Ibotson,F,6,Diverse radical alliance,,,18/11/2014
Antonius,Ferryn,M,9,Synergized didactic infrastructure,Complete lesion of L2 level of lumbar spinal cord,Complete lesion of L2 level of lumbar spinal cord,29/04/2014
Samson,Conaghy,M,13,,,,18/11/2016
Arie,Bordes,M,12,Decentralized exuding concept,"War operations involving oth fire/hot subst, milt, sequela","War operations involving other fires, conflagrations and hot substances, military personnel, sequela",08/08/2017
Danna,Damiata,F,3,,,,22/09/2013
Heidi,Wilmot,F,5,Seamless modular artificial intelligence,,,31/03/2009
Roobbie,Weadick,F,17,Synergistic 5th generation methodology,,,20/12/2013
Roberto,Beggi,M,12,,,,05/08/2015
Fredelia,Gaddie,F,4,Expanded non-volatile functionalities,,,27/06/2015
Willie,Riccard,M,16,Organic demand-driven info-mediaries,,,26/04/2014
Andreas,Delph,M,14,Networked responsive info-mediaries,,,03/04/2016
Stafford,Sydes,M,17,,,,30/03/2012
Samson,Langcaster,M,14,,Unsp injury of extn/abdr musc/fasc/tend of thmb at forarm lv,"Unspecified injury of extensor or abductor muscles, fascia and tendons of unspecified thumb at forearm level",16/07/2018
Egor,Tenniswood,M,14,,,,12/09/2013
Alla,Tench,F,3,,,,22/05/2016
Chan,Probart,M,8,Robust attitude-oriented application,,,29/02/2016
Brooks,Ingraham,M,7,,,,30/08/2015
Tonia,Duffus,F,2,Right-sized bifurcated frame,,,29/10/2018
Sharona,Touret,F,14,Intuitive bottom-line capacity,,,11/08/2020
Jewelle,Wanklin,F,16,,,,25/04/2014
Heloise,Bringloe,F,1,,,,06/01/2012
Holly,Cunde,F,6,,,,23/12/2019
Rowland,Pagon,M,5,,"Nondisp fx of r radial styloid pro, 7thK","Nondisplaced fracture of right radial styloid process, subsequent encounter for closed fracture with nonunion",13/06/2009
Florencia,Gurge,F,12,,,,12/02/2011
Noe,Brecken,M,11,,,,04/05/2017
Idalia,Vallow,F,13,Persistent disintermediate strategy,,,06/09/2018
Wilhelmina,Lilion,F,5,Adaptive responsive knowledge user,,,26/01/2017
Valencia,Nieass,F,6,Innovative discrete productivity,,,04/04/2012
Caesar,Misselbrook,M,8,Team-oriented 3rd generation capability,,,22/04/2016
Ingra,Colegrove,M,5,Customer-focused user-facing throughput,,,21/09/2012
Burl,Trunkfield,M,3,Streamlined foreground adapter,,,12/04/2018
Abramo,Bredes,M,5,Adaptive mission-critical collaboration,"Insect bite (nonvenomous) of breast, unspecified breast","Insect bite (nonvenomous) of breast, unspecified breast",05/01/2020
Brooks,Godsal,M,8,,,,29/08/2014
Elsbeth,Moff,F,12,Virtual holistic ability,,,21/07/2007
Kat,Fetherstonhaugh,F,14,Ameliorated tangible open system,,,08/09/2013
Griselda,Aery,F,11,,,,13/01/2012
Alyss,Dowdeswell,F,5,Integrated 3rd generation encoding,"Animal-rider injured in collision w ped/anml, sequela","Animal-rider injured in collision with pedestrian or animal, sequela",20/04/2010
Phylis,Toothill,F,16,,"Juvenile osteochondrosis of tibia and fibula, right leg","Juvenile osteochondrosis of tibia and fibula, right leg",21/02/2008
Erastus,Probbing,M,1,Reverse-engineered content-based projection,,,17/03/2006
Koressa,Hesbrook,F,11,,,,02/10/2009
Whit,Dennehy,M,5,Customer-focused bifurcated interface,Neuroleptic induced parkinsonism,Neuroleptic induced parkinsonism,09/10/2012
Laney,Huot,F,7,,"Squamous cell carcinoma skin/ unsp lower limb, including hip","Squamous cell carcinoma of skin of unspecified lower limb, including hip",23/03/2019
Axel,Skellion,M,9,,"Brown-Sequard syndrome at C7, sequela","Brown-Sequard syndrome at C7 level of cervical spinal cord, sequela",18/05/2011
Beitris,O'Currine,F,17,,,,19/11/2006
Rani,Gillaspy,F,2,Inverse interactive task-force,,,20/01/2019
Winn,Pettigrew,M,8,,,,12/12/2007
Grantley,Eliasen,M,8,Exclusive even-keeled info-mediaries,,,22/03/2015
Anatollo,Hourstan,M,15,Grass-roots encompassing encryption,,,26/11/2020
Cristin,Giroldo,F,16,Monitored needs-based protocol,Burn of unspecified degree of right scapular region,Burn of unspecified degree of right scapular region,24/12/2014
Gay,Skrzynski,F,9,,"Forced landing of commrcl fix-wing arcrft inj occ, sequela","Forced landing of commercial fixed-wing aircraft injuring occupant, sequela",09/04/2006
Ezechiel,Vasquez,M,9,User-centric zero defect firmware,,,06/11/2010
Kelsi,Hofler,F,8,Expanded eco-centric access,,,11/06/2009
Sanders,Flemming,M,8,Synergized eco-centric knowledge base,,,20/02/2014
Abdel,Proback,M,11,Quality-focused hybrid analyzer,,,20/04/2010
Diandra,Meader,F,2,Vision-oriented dynamic instruction set,,,14/02/2006
Claudina,Eagar,F,1,Multi-tiered user-facing customer loyalty,,,25/06/2011
Marty,Folbige,M,5,,"Traum rupture of collat ligmt of finger at MCP/IP jt, subs","Traumatic rupture of collateral ligament of other finger at metacarpophalangeal and interphalangeal joint, subsequent encounter",16/01/2016
Byran,Beakes,M,1,Diverse maximized array,,,21/08/2012
Adela,Brower,F,11,Cloned encompassing portal,,,23/02/2020
Terry,Aubry,F,6,Grass-roots value-added middleware,,,14/08/2017
Jacinthe,Mays,F,5,Streamlined dedicated neural-net,,,03/09/2020
Sharon,Prince,F,15,Monitored real-time orchestration,,,12/08/2007
Riki,Caslin,F,13,Optional upward-trending throughput,,,20/06/2018
Frasier,Egerton,M,5,Progressive system-worthy task-force,,,18/07/2018
Thorny,Allnatt,M,11,,,,28/05/2012
Shani,Ianitti,F,9,Mandatory full-range throughput,"Fracture of unsp phalanx of left middle finger, sequela","Fracture of unspecified phalanx of left middle finger, sequela",31/08/2017
Tull,Vero,M,4,Front-line stable array,"Unsp B-cell lymphoma, lymph nodes of axilla and upper limb","Unspecified B-cell lymphoma, lymph nodes of axilla and upper limb",07/09/2016
Curran,Kinner,M,2,,,,01/05/2012
Leeland,Eveque,M,8,,,,24/11/2019
Aldous,Howland,M,14,,"Poisoning by predom alpha-adrenocpt agonists, acc, init","Poisoning by predominantly alpha-adrenoreceptor agonists, accidental (unintentional), initial encounter",24/02/2006
Gabby,Yeeles,M,13,Digitized real-time Graphic Interface,NIHSS score 25,NIHSS score 25,05/04/2016
Robyn,Folini,F,6,,,,31/03/2009
Galvin,Faichnie,M,15,Up-sized high-level pricing structure,,,18/05/2007
Amity,Gayle,F,1,Vision-oriented uniform framework,"Displ subtrochnt fx l femr, 7thQ","Displaced subtrochanteric fracture of left femur, subsequent encounter for open fracture type I or II with malunion",07/11/2009
Glynis,Pincott,F,8,,,,10/01/2014
Brigida,Bourhill,F,10,,,,28/06/2008
Erik,Woolner,M,9,Advanced 3rd generation adapter,,,18/02/2020
Kailey,Crossgrove,F,12,Open-source zero administration project,,,15/04/2020
Virgilio,Bostick,M,9,Ergonomic needs-based utilisation,,,02/04/2020
Giustina,Hauch,F,12,Automated asynchronous product,Hereditary elliptocytosis,Hereditary elliptocytosis,05/05/2009
Rochell,Hubber,F,8,,,,24/02/2018
Abbe,Whittock,M,8,,,,28/08/2006
Derwin,Pilmoor,M,4,,,,04/11/2015
Bertina,Hadlow,F,15,,,,14/03/2009
Alidia,Howarth,F,9,Exclusive interactive task-force,,,03/05/2013
Barn,Deeprose,M,2,,,,17/02/2015
Oneida,Shugg,F,10,,"Infective myositis, left forearm","Infective myositis, left forearm",16/07/2020
Pattin,Fissenden,M,8,Pre-emptive user-facing intranet,,,01/05/2008
Fedora,Yeudall,F,1,Cross-group logistical utilisation,,,26/12/2016
Linn,Stansby,M,6,,,,16/06/2018
Seana,Graalmans,F,9,,,,21/10/2007
Chiquita,Bielby,F,1,User-centric well-modulated array,,,03/08/2007
Kayla,Berre,F,12,Ameliorated analyzing archive,,,27/05/2016
Andres,De Bell,M,6,,,,14/09/2010
Bryce,Housecraft,M,13,,,,09/08/2005
Goldie,Comiskey,F,5,Triple-buffered contextually-based Graphic Interface,,,07/02/2021
Vernice,Thompstone,F,9,Re-engineered empowering hub,"Nondisp spiral fx shaft of humer, r arm, 7thP","Nondisplaced spiral fracture of shaft of humerus, right arm, subsequent encounter for fracture with malunion",23/03/2020
Gerek,Bellwood,M,11,,,,07/01/2008
Ronica,Portugal,F,3,,"Nondisp transverse fx shaft of r ulna, 7thF","Nondisplaced transverse fracture of shaft of right ulna, subsequent encounter for open fracture type IIIA, IIIB, or IIIC with routine healing",11/02/2013
Francoise,Shegog,F,9,Distributed optimal application,,,17/08/2011
Phaidra,Dockree,F,4,,,,05/03/2009
Gard,Kirwin,M,3,,,,04/07/2007
Paolina,Sibun,F,2,,,,04/10/2016
Vaughan,Bartholomieu,M,1,Phased interactive protocol,"Salter-Harris Type IV physeal fracture of l calcaneus, 7thB","Salter-Harris Type IV physeal fracture of left calcaneus, initial encounter for open fracture",18/03/2008
Ferris,Ruske,M,8,,,,21/05/2020
Cara,Moseley,F,16,,,,07/05/2011
Gunar,Lewzey,M,1,,,,10/10/2006
Jackson,Durman,M,5,Down-sized bifurcated solution,"Coma scale, best motor response, obeys commands, unsp time","Coma scale, best motor response, obeys commands, unspecified time",13/11/2013
Levy,Jeste,M,10,Configurable stable productivity,,,05/07/2019
Nita,Blazevic,F,16,De-engineered zero defect architecture,,,16/09/2008
Wallis,Kezor,F,17,,,,10/03/2012
Bobine,Pittwood,F,6,Quality-focused full-range migration,,,21/03/2016
Leila,Tuther,F,16,Customizable well-modulated challenge,,,08/12/2013
Charis,Hutchings,F,2,,"Presbycusis, unspecified ear","Presbycusis, unspecified ear",27/01/2013
Lovell,De Angelo,M,12,Inverse zero tolerance matrix,,,15/01/2010
Starr,Paterson,F,5,Self-enabling dedicated system engine,,,04/12/2016
Belvia,Vidgen,F,15,Adaptive tangible conglomeration,,,23/08/2010
Geneva,Lazenbury,F,12,,,,25/03/2006
Kennedy,Flux,M,14,,,,28/09/2005
Orrin,Klima,M,10,Synergized attitude-oriented knowledge base,,,29/08/2012
Sherwood,Litton,M,2,Innovative system-worthy architecture,,,05/09/2018
Odie,Bonanno,M,14,,,,25/08/2008
Melli,Roostan,F,13,,,,10/11/2008
Haven,Zanotti,M,13,Front-line incremental leverage,,,11/05/2014
Reid,Crickmer,M,4,,,,15/01/2018
Fonz,Strathman,M,5,Fully-configurable transitional portal,,,16/10/2010
Christoper,Ernshaw,M,7,Reactive leading edge installation,,,15/11/2018
Sisely,Pladen,F,13,Profit-focused regional algorithm,,,15/02/2006
Calida,Gonnin,F,16,Managed empowering moratorium,Strain of extensor musc/fasc/tend finger at wrs/hnd lv,"Strain of extensor muscle, fascia and tendon of other finger at wrist and hand level",03/11/2009
Cristy,Philipp,F,3,,"Oth traum nondisp spondylolysis of sixth cervcal vert, 7thB","Other traumatic nondisplaced spondylolisthesis of sixth cervical vertebra, initial encounter for open fracture",09/06/2019
Lin,MacGeaney,F,3,Triple-buffered static attitude,,,18/10/2018
Shermy,Moxson,M,11,,,,19/06/2013
Lillian,Apdell,F,3,Centralized optimizing projection,,,28/05/2007
Vilhelmina,Tales,F,13,Team-oriented object-oriented service-desk,"Pedl cyc pasngr inj in clsn w statnry object in traf, subs","Pedal cycle passenger injured in collision with fixed or stationary object in traffic accident, subsequent encounter",28/03/2015
Patrice,Seabourne,M,17,,,,21/06/2016
Maryanne,Crawcour,F,6,Horizontal needs-based concept,,,25/06/2018
Dennie,Jamrowicz,M,2,Organized modular data-warehouse,,,25/08/2005
Skyler,Rabbitts,M,12,Fully-configurable bottom-line architecture,,,28/10/2012
Ava,Fairchild,F,9,Function-based bifurcated circuit,,,25/08/2019
Camille,Abbatucci,F,12,Programmable encompassing definition,,,22/02/2020
Brucie,Jacobssen,M,14,,,,10/01/2009
Crista,Goulding,F,11,,,,07/09/2020
Xenos,McClunaghan,M,5,Operative value-added initiative,,,24/02/2008
Nero,Loxly,M,8,Customizable zero defect methodology,,,29/05/2010
Julie,Goricke,M,15,Optimized full-range architecture,,,14/11/2011
Lonny,Feldmark,M,14,,,,08/10/2018
Alfie,Byars,M,5,Profound neutral instruction set,,,15/02/2017
Rosy,Tessier,F,7,Function-based background conglomeration,,,11/03/2006
Lida,Blazewski,F,8,Triple-buffered bandwidth-monitored pricing structure,,,22/12/2018
Rochette,Sharpus,F,17,,,,30/09/2017
Rosana,Von Welldun,F,17,Quality-focused solution-oriented methodology,,,08/10/2017
Celestina,Hanstock,F,1,Persistent disintermediate knowledge base,,,12/01/2020
Jefferey,Wyer,M,1,Intuitive system-worthy throughput,,,04/02/2020
Benedetto,Keeffe,M,15,Seamless 24/7 interface,,,01/05/2009
Mitchell,Albany,M,11,Networked impactful emulation,,,10/05/2017
Ethelind,Grevile,F,4,,"Nondisp commnt fx shaft of ulna, unsp arm, 7thR","Nondisplaced comminuted fracture of shaft of ulna, unspecified arm, subsequent encounter for open fracture type IIIA, IIIB, or IIIC with malunion",01/02/2013
Valentin,Holdforth,M,9,Team-oriented interactive synergy,,,19/03/2009
Hildagard,Witnall,F,9,Balanced maximized structure,,,29/05/2018
Mollie,Hawkwood,F,11,Up-sized optimal parallelism,,,08/01/2010
Carma,Gonsalvez,F,6,Versatile discrete model,,,10/07/2013
Scotty,Patkin,M,15,,,,14/07/2015
Hunfredo,Eynon,M,1,,,,13/08/2005
Ana,Roggeman,F,13,Switchable solution-oriented policy,Oth symptoms and signs w general sensations and perceptions,Other symptoms and signs involving general sensations and perceptions,06/05/2015
Tiffany,Sandys,F,3,Visionary methodical monitoring,,,22/08/2011
Sonnie,Pointing,F,2,Multi-tiered exuding local area network,Embolism and thrombosis of subclavian vein,Embolism and thrombosis of subclavian vein,23/07/2009
Alvie,Bodiam,M,8,Reactive responsive access,Incomplete lesion of L3 level of lumbar spinal cord,Incomplete lesion of L3 level of lumbar spinal cord,08/11/2010
Cobbie,Antal,M,5,Synchronised reciprocal challenge,,,27/02/2021
Elnora,Burnsides,F,16,Total even-keeled capacity,"Contusion of unsp ring finger w/o damage to nail, subs","Contusion of unspecified ring finger without damage to nail, subsequent encounter",22/02/2016
Bianca,Edel,F,1,Programmable dynamic algorithm,,,13/01/2014
Bax,Becken,M,2,Multi-channelled systemic forecast,,,12/11/2016
Merwin,Tipling,M,14,,,,10/03/2009
Reider,Sive,M,9,,,,27/07/2005
Artie,Leinthall,M,4,Persevering intangible interface,,,24/10/2016
Peri,Steven,F,2,,,,24/06/2009
Ulrich,D'Costa,M,11,Adaptive radical throughput,,,02/01/2010
Marcelline,Showt,F,11,,,,19/08/2010
Jaquelin,Swanbourne,F,15,,"Disp fx of med phalanx of l less toe(s), 7thP","Displaced fracture of medial phalanx of left lesser toe(s), subsequent encounter for fracture with malunion",29/03/2005
Judon,Pelerin,M,9,,,,18/07/2018
Lavena,Flecknoe,F,11,Fully-configurable upward-trending capacity,,,25/05/2017
Sileas,Leeming,F,2,,,,18/08/2018
Willie,Kacheler,M,11,,,,03/08/2006
Shari,Kinnerley,F,17,Reactive tertiary core,,,16/05/2019
Robby,Kasbye,M,9,,,,19/05/2009
Arlen,Gulvin,F,13,Profound didactic encryption,,,27/11/2013
Enrico,Mauger,M,17,Extended asymmetric open architecture,"Injury of musculocutaneous nerve, unsp arm, init encntr","Injury of musculocutaneous nerve, unspecified arm, initial encounter",02/05/2011
Marcel,Pehrsson,M,3,Robust bottom-line definition,,,05/03/2013
Tasha,Winmill,F,16,Intuitive needs-based conglomeration,,,25/02/2013
Norton,Stayt,M,8,Focused transitional analyzer,,,03/11/2006
Nataline,Drackford,F,1,Switchable directional database,,,07/12/2015
Elnar,Perillo,M,5,,,,03/01/2007
Alfons,Balharry,M,2,Synchronised multi-state Graphical User Interface,,,28/01/2013
Adelheid,Urlich,F,11,Down-sized next generation open architecture,,,17/04/2020
Lorene,Laba,F,8,Enhanced responsive standardization,"Recurrent dislocation, shoulder","Recurrent dislocation, shoulder",18/03/2016
Ruperto,MacCosty,M,6,,,,25/06/2008
